[
  {
    "key": "research-charged-kaon",
    "name": "Charged Kaon decay",
    "description": "The charged kaon decay K+ -> μ+ νμ is discovered!",
    "cost_increase": 1.8,
    "image": "assets/icons/png/k+.png",
    "info": "html/CPV.html",
    "state": {
      "reputation": 1e0,
      "cost": 1e1,
      "info_levels": [ 1, 5]
    }
  },
  {
    "key": "research-jpsi",
    "name": "J/ψ",
    "description": "The J/ψ meson consists of a c and an anti-c quark. This is proof for the GIM mechanism!",
    "cost_increase": 1.7,
    "image": "assets/icons/png/Jpsi.png",
    "info": "html/Jpsi.html",
    "state": {
      "reputation": 6e0,
      "cost": 4e2,
      "info_levels": [ 1, 5 ]
    }
  },
  {
    "key": "research-beauty",
    "name": "Beauty quark",
    "description": "Third generation down-type quark. Maybe there exists a FCNC decay for it?",
    "cost_increase": 1.6,
    "image": "assets/icons/png/b.png",
    "info": "html/b.html",
    "state": {
      "reputation": 3.3e1,
      "cost": 1e4,
      "info_levels": [ 1, 5 ]
    }
  },

  {
    "key": "research-gluons",
    "name": "Gluons",
    "description": "8 almost identical elementary particles that convey the strong force.",
    "cost_increase": 1.5,
    "image": "assets/icons/png/gluons.png",
    "info": "html/gluons.html",
    "state": {
      "reputation": 1.85e2,
      "cost": 2e5,
      "info_levels": [ 1 ]
    }
  },
  {
    "key": "research-electroweak",
    "name": "Electroweak Unification",
    "description": "The weak force and the electromagnetic force are unified!",
    "cost_increase": 1.35,
    "image": "assets/icons/png/electroweak.png",
    "info": "html/electroweak.html",
    "state": {
      "reputation": 1e3,
      "cost": 2.5e6,
      "info_levels": [ 1 ]
    }
  },
  {
    "key": "research-weak",
    "name": "W and Z Bosons",
    "description": "Carriers of the weak force.",
    "cost_increase": 1.3,
    "image": "assets/icons/png/weak.png",
    "info": "html/weak.html",
    "state": {
      "reputation": 7e3,
      "cost": 1e7,
      "info_levels": [ 1 ]
    }
  },
  {
    "key": "research-top",
    "name": "Top quark",
    "description": "The heaviest of the quarks.",
    "cost_increase": 1.3,
    "image": "assets/icons/png/t.png",
    "info": "html/top.html",
    "state": {
      "reputation": 3e4,
      "cost": 1.28e8,
      "info_levels": [ 1 ]
    }
  },
  {
    "key": "research-higgs",
    "name": "Higgs boson",
    "description": "It only took us 48 years to find this one!",
    "cost_increase": 1.25,
    "image": "assets/icons/png/H.png",
    "info": "html/H.html",
    "state": {
      "reputation": 1.6e5,
      "cost": 9e8,
      "info_levels": [ 1 ]
    }
  },
  {
    "key": "research-ttH",
    "name": "ttH decay",
    "description": "The t->tH decay is found! Higgs Yukawa coupling is confirmed!",
    "cost_increase": 1.2,
    "image": "assets/icons/png/tth.png",
    "info": "html/tth.html",
    "state": {
      "reputation": 9e5,
      "cost": 5e9,
      "info_levels": [ 1, 5, 10, 15, 20 ]
    }
  },
  {
    "key": "research-2hdm",
    "name": "Exclusion of Two Higgs Doublet Model",
    "description": "No tqH signal is found, and Two Higgs Doublet model is excluded.",
    "cost_increase": 1.15,
    "image": "assets/icons/png/2hd.png",
    "info": "html/2hd.html",
    "state": {
      "reputation": 4.75e6,
      "cost": 2.4e10,
      "info_levels": [ 1 ]
    }
  },
  {
    "key": "research-tqH",
    "name": "t->qH Decay",
    "description": "t->qH FCNC Decay is found! First FCNC decay in Higgs quark Yukawa couplings!",
    "cost_increase": 1.15,
    "image": "assets/icons/png/tqh.png",
    "info": "html/tqh.html",
    "state": {
      "reputation": 2.5e7,
      "cost": 9e10,
      "info_levels": [ 1 ]
    }
  }
]
